"","chromosome_name","start","end","density"
"1","chr1",0,2e+06,68
"2","chr1",2e+06,4e+06,25
"3","chr1",4e+06,6e+06,15
"4","chr1",6e+06,8e+06,45
"5","chr1",8e+06,1e+07,71
"6","chr1",1e+07,1.2e+07,51
"7","chr1",1.2e+07,1.4e+07,37
"8","chr1",1.4e+07,1.6e+07,45
"9","chr1",1.6e+07,1.8e+07,41
"10","chr1",1.8e+07,2e+07,44
"11","chr1",2e+07,2.2e+07,35
"12","chr1",2.2e+07,2.4e+07,43
"13","chr1",2.4e+07,2.6e+07,38
"14","chr1",2.6e+07,2.8e+07,38
"15","chr1",2.8e+07,3e+07,45
"16","chr1",3e+07,3.2e+07,41
"17","chr1",3.2e+07,3.4e+07,27
"18","chr1",3.4e+07,3.6e+07,36
"19","chr1",3.6e+07,3.8e+07,22
"20","chr1",3.8e+07,4e+07,31
"21","chr1",4e+07,4.2e+07,58
"22","chr1",4.2e+07,4.4e+07,26
"23","chr1",4.4e+07,4.6e+07,91
"24","chr1",4.6e+07,4.8e+07,49
"25","chr1",4.8e+07,5e+07,33
"26","chr1",5e+07,5.2e+07,51
"27","chr1",5.2e+07,5.4e+07,61
"28","chr1",5.4e+07,5.6e+07,90
"29","chr1",5.6e+07,5.8e+07,81
"30","chr1",5.8e+07,6e+07,118
"31","chr10",0,2e+06,59
"32","chr10",2e+06,4e+06,44
"33","chr10",4e+06,6e+06,41
"34","chr10",6e+06,8e+06,58
"35","chr10",8e+06,1e+07,57
"36","chr10",1e+07,1.2e+07,36
"37","chr10",1.2e+07,1.4e+07,16
"38","chr10",1.4e+07,1.6e+07,41
"39","chr10",1.6e+07,1.8e+07,55
"40","chr10",1.8e+07,2e+07,21
"41","chr10",2e+07,2.2e+07,73
"42","chr10",2.2e+07,2.4e+07,52
"43","chr10",2.4e+07,2.6e+07,52
"44","chr10",2.6e+07,2.8e+07,49
"45","chr10",2.8e+07,3e+07,49
"46","chr10",3e+07,3.2e+07,19
"47","chr10",3.2e+07,3.4e+07,43
"48","chr10",3.4e+07,3.6e+07,63
"49","chr10",3.6e+07,3.8e+07,75
"50","chr10",3.8e+07,4e+07,43
"51","chr10",4e+07,4.2e+07,120
"52","chr10",4.2e+07,4.4e+07,47
"53","chr10",4.4e+07,4.6e+07,46
"54","chr11",0,2e+06,73
"55","chr11",2e+06,4e+06,69
"56","chr11",4e+06,6e+06,28
"57","chr11",6e+06,8e+06,69
"58","chr11",8e+06,1e+07,20
"59","chr11",1e+07,1.2e+07,69
"60","chr11",1.2e+07,1.4e+07,123
"61","chr11",1.4e+07,1.6e+07,43
"62","chr11",1.6e+07,1.8e+07,35
"63","chr11",1.8e+07,2e+07,37
"64","chr11",2e+07,2.2e+07,27
"65","chr11",2.2e+07,2.4e+07,26
"66","chr11",2.4e+07,2.6e+07,80
"67","chr11",2.6e+07,2.8e+07,40
"68","chr11",2.8e+07,3e+07,39
"69","chr11",3e+07,3.2e+07,51
"70","chr11",3.2e+07,3.4e+07,23
"71","chr11",3.4e+07,3.6e+07,31
"72","chr11",3.6e+07,3.8e+07,68
"73","chr11",3.8e+07,4e+07,30
"74","chr11",4e+07,4.2e+07,52
"75","chr11",4.2e+07,4.4e+07,49
"76","chr11",4.4e+07,4.6e+07,61
"77","chr12",0,2e+06,52
"78","chr12",2e+06,4e+06,48
"79","chr12",4e+06,6e+06,64
"80","chr12",6e+06,8e+06,32
"81","chr12",8e+06,1e+07,39
"82","chr12",1e+07,1.2e+07,37
"83","chr12",1.2e+07,1.4e+07,31
"84","chr12",1.4e+07,1.6e+07,22
"85","chr12",1.6e+07,1.8e+07,69
"86","chr12",1.8e+07,2e+07,61
"87","chr12",2e+07,2.2e+07,40
"88","chr12",2.2e+07,2.4e+07,34
"89","chr12",2.4e+07,2.6e+07,35
"90","chr12",2.6e+07,2.8e+07,50
"91","chr12",2.8e+07,3e+07,49
"92","chr12",3e+07,3.2e+07,57
"93","chr12",3.2e+07,3.4e+07,41
"94","chr12",3.4e+07,3.6e+07,49
"95","chr12",3.6e+07,3.8e+07,29
"96","chr12",3.8e+07,4e+07,20
"97","chr12",4e+07,4.2e+07,15
"98","chr12",4.2e+07,4.4e+07,20
"99","chr12",4.4e+07,4.6e+07,28
"100","chr12",4.6e+07,4.8e+07,53
"101","chr12",4.8e+07,5e+07,41
"102","chr13",0,2e+06,76
"103","chr13",2e+06,4e+06,43
"104","chr13",4e+06,6e+06,32
"105","chr13",6e+06,8e+06,32
"106","chr13",8e+06,1e+07,83
"107","chr13",1e+07,1.2e+07,44
"108","chr13",1.2e+07,1.4e+07,44
"109","chr13",1.4e+07,1.6e+07,26
"110","chr13",1.6e+07,1.8e+07,18
"111","chr13",1.8e+07,2e+07,34
"112","chr13",2e+07,2.2e+07,23
"113","chr13",2.2e+07,2.4e+07,53
"114","chr13",2.4e+07,2.6e+07,72
"115","chr13",2.6e+07,2.8e+07,25
"116","chr13",2.8e+07,3e+07,48
"117","chr13",3e+07,3.2e+07,70
"118","chr13",3.2e+07,3.4e+07,61
"119","chr13",3.4e+07,3.6e+07,37
"120","chr13",3.6e+07,3.8e+07,60
"121","chr13",3.8e+07,4e+07,24
"122","chr13",4e+07,4.2e+07,31
"123","chr13",4.2e+07,4.4e+07,32
"124","chr13",4.4e+07,4.6e+07,38
"125","chr13",4.6e+07,4.8e+07,29
"126","chr13",4.8e+07,5e+07,26
"127","chr13",5e+07,5.2e+07,43
"128","chr13",5.2e+07,5.4e+07,7
"129","chr14",0,2e+06,77
"130","chr14",2e+06,4e+06,63
"131","chr14",4e+06,6e+06,33
"132","chr14",6e+06,8e+06,46
"133","chr14",8e+06,1e+07,44
"134","chr14",1e+07,1.2e+07,46
"135","chr14",1.2e+07,1.4e+07,17
"136","chr14",1.4e+07,1.6e+07,43
"137","chr14",1.6e+07,1.8e+07,37
"138","chr14",1.8e+07,2e+07,8
"139","chr14",2e+07,2.2e+07,38
"140","chr14",2.2e+07,2.4e+07,34
"141","chr14",2.4e+07,2.6e+07,42
"142","chr14",2.6e+07,2.8e+07,32
"143","chr14",2.8e+07,3e+07,22
"144","chr14",3e+07,3.2e+07,75
"145","chr14",3.2e+07,3.4e+07,71
"146","chr14",3.4e+07,3.6e+07,41
"147","chr14",3.6e+07,3.8e+07,24
"148","chr14",3.8e+07,4e+07,25
"149","chr14",4e+07,4.2e+07,31
"150","chr14",4.2e+07,4.4e+07,14
"151","chr14",4.4e+07,4.6e+07,43
"152","chr14",4.6e+07,4.8e+07,34
"153","chr14",4.8e+07,5e+07,43
"154","chr14",5e+07,5.2e+07,15
"155","chr14",5.2e+07,5.4e+07,15
"156","chr15",0,2e+06,108
"157","chr15",2e+06,4e+06,55
"158","chr15",4e+06,6e+06,68
"159","chr15",6e+06,8e+06,24
"160","chr15",8e+06,1e+07,35
"161","chr15",1e+07,1.2e+07,26
"162","chr15",1.2e+07,1.4e+07,17
"163","chr15",1.4e+07,1.6e+07,57
"164","chr15",1.6e+07,1.8e+07,57
"165","chr15",1.8e+07,2e+07,49
"166","chr15",2e+07,2.2e+07,64
"167","chr15",2.2e+07,2.4e+07,52
"168","chr15",2.4e+07,2.6e+07,59
"169","chr15",2.6e+07,2.8e+07,33
"170","chr15",2.8e+07,3e+07,65
"171","chr15",3e+07,3.2e+07,75
"172","chr15",3.2e+07,3.4e+07,36
"173","chr15",3.4e+07,3.6e+07,51
"174","chr15",3.6e+07,3.8e+07,61
"175","chr15",3.8e+07,4e+07,27
"176","chr15",4e+07,4.2e+07,46
"177","chr15",4.2e+07,4.4e+07,41
"178","chr15",4.4e+07,4.6e+07,38
"179","chr15",4.6e+07,4.8e+07,57
"180","chr16",0,2e+06,23
"181","chr16",2e+06,4e+06,26
"182","chr16",4e+06,6e+06,49
"183","chr16",6e+06,8e+06,42
"184","chr16",8e+06,1e+07,37
"185","chr16",1e+07,1.2e+07,54
"186","chr16",1.2e+07,1.4e+07,64
"187","chr16",1.4e+07,1.6e+07,29
"188","chr16",1.6e+07,1.8e+07,54
"189","chr16",1.8e+07,2e+07,31
"190","chr16",2e+07,2.2e+07,55
"191","chr16",2.2e+07,2.4e+07,61
"192","chr16",2.4e+07,2.6e+07,79
"193","chr16",2.6e+07,2.8e+07,60
"194","chr16",2.8e+07,3e+07,56
"195","chr16",3e+07,3.2e+07,59
"196","chr16",3.2e+07,3.4e+07,60
"197","chr16",3.4e+07,3.6e+07,35
"198","chr16",3.6e+07,3.8e+07,25
"199","chr16",3.8e+07,4e+07,38
"200","chr16",4e+07,4.2e+07,68
"201","chr16",4.2e+07,4.4e+07,54
"202","chr16",4.4e+07,4.6e+07,49
"203","chr16",4.6e+07,4.8e+07,44
"204","chr16",4.8e+07,5e+07,23
"205","chr16",5e+07,5.2e+07,37
"206","chr16",5.2e+07,5.4e+07,38
"207","chr16",5.4e+07,5.6e+07,38
"208","chr17",0,2e+06,57
"209","chr17",2e+06,4e+06,29
"210","chr17",4e+06,6e+06,31
"211","chr17",6e+06,8e+06,58
"212","chr17",8e+06,1e+07,33
"213","chr17",1e+07,1.2e+07,43
"214","chr17",1.2e+07,1.4e+07,40
"215","chr17",1.4e+07,1.6e+07,54
"216","chr17",1.6e+07,1.8e+07,25
"217","chr17",1.8e+07,2e+07,26
"218","chr17",2e+07,2.2e+07,56
"219","chr17",2.2e+07,2.4e+07,63
"220","chr17",2.4e+07,2.6e+07,81
"221","chr17",2.6e+07,2.8e+07,37
"222","chr17",2.8e+07,3e+07,39
"223","chr17",3e+07,3.2e+07,51
"224","chr17",3.2e+07,3.4e+07,44
"225","chr17",3.4e+07,3.6e+07,20
"226","chr17",3.6e+07,3.8e+07,36
"227","chr17",3.8e+07,4e+07,33
"228","chr17",4e+07,4.2e+07,17
"229","chr17",4.2e+07,4.4e+07,39
"230","chr17",4.4e+07,4.6e+07,50
"231","chr17",4.6e+07,4.8e+07,29
"232","chr17",4.8e+07,5e+07,39
"233","chr17",5e+07,5.2e+07,52
"234","chr17",5.2e+07,5.4e+07,38
"235","chr18",0,2e+06,50
"236","chr18",2e+06,4e+06,45
"237","chr18",4e+06,6e+06,41
"238","chr18",6e+06,8e+06,67
"239","chr18",8e+06,1e+07,40
"240","chr18",1e+07,1.2e+07,21
"241","chr18",1.2e+07,1.4e+07,30
"242","chr18",1.4e+07,1.6e+07,50
"243","chr18",1.6e+07,1.8e+07,58
"244","chr18",1.8e+07,2e+07,66
"245","chr18",2e+07,2.2e+07,51
"246","chr18",2.2e+07,2.4e+07,31
"247","chr18",2.4e+07,2.6e+07,26
"248","chr18",2.6e+07,2.8e+07,42
"249","chr18",2.8e+07,3e+07,20
"250","chr18",3e+07,3.2e+07,26
"251","chr18",3.2e+07,3.4e+07,71
"252","chr18",3.4e+07,3.6e+07,25
"253","chr18",3.6e+07,3.8e+07,29
"254","chr18",3.8e+07,4e+07,31
"255","chr18",4e+07,4.2e+07,48
"256","chr18",4.2e+07,4.4e+07,10
"257","chr18",4.4e+07,4.6e+07,46
"258","chr18",4.6e+07,4.8e+07,30
"259","chr18",4.8e+07,5e+07,32
"260","chr18",5e+07,5.2e+07,31
"261","chr19",0,2e+06,75
"262","chr19",2e+06,4e+06,67
"263","chr19",4e+06,6e+06,57
"264","chr19",6e+06,8e+06,81
"265","chr19",8e+06,1e+07,53
"266","chr19",1e+07,1.2e+07,75
"267","chr19",1.2e+07,1.4e+07,36
"268","chr19",1.4e+07,1.6e+07,23
"269","chr19",1.6e+07,1.8e+07,26
"270","chr19",1.8e+07,2e+07,63
"271","chr19",2e+07,2.2e+07,34
"272","chr19",2.2e+07,2.4e+07,66
"273","chr19",2.4e+07,2.6e+07,54
"274","chr19",2.6e+07,2.8e+07,53
"275","chr19",2.8e+07,3e+07,27
"276","chr19",3e+07,3.2e+07,48
"277","chr19",3.2e+07,3.4e+07,41
"278","chr19",3.4e+07,3.6e+07,32
"279","chr19",3.6e+07,3.8e+07,17
"280","chr19",3.8e+07,4e+07,18
"281","chr19",4e+07,4.2e+07,44
"282","chr19",4.2e+07,4.4e+07,84
"283","chr19",4.4e+07,4.6e+07,17
"284","chr19",4.6e+07,4.8e+07,48
"285","chr19",4.8e+07,5e+07,28
"286","chr2",0,2e+06,66
"287","chr2",2e+06,4e+06,50
"288","chr2",4e+06,6e+06,48
"289","chr2",6e+06,8e+06,61
"290","chr2",8e+06,1e+07,47
"291","chr2",1e+07,1.2e+07,52
"292","chr2",1.2e+07,1.4e+07,24
"293","chr2",1.4e+07,1.6e+07,41
"294","chr2",1.6e+07,1.8e+07,42
"295","chr2",1.8e+07,2e+07,36
"296","chr2",2e+07,2.2e+07,53
"297","chr2",2.2e+07,2.4e+07,68
"298","chr2",2.4e+07,2.6e+07,62
"299","chr2",2.6e+07,2.8e+07,63
"300","chr2",2.8e+07,3e+07,25
"301","chr2",3e+07,3.2e+07,87
"302","chr2",3.2e+07,3.4e+07,61
"303","chr2",3.4e+07,3.6e+07,25
"304","chr2",3.6e+07,3.8e+07,221
"305","chr2",3.8e+07,4e+07,45
"306","chr2",4e+07,4.2e+07,30
"307","chr2",4.2e+07,4.4e+07,66
"308","chr2",4.4e+07,4.6e+07,61
"309","chr2",4.6e+07,4.8e+07,32
"310","chr2",4.8e+07,5e+07,52
"311","chr2",5e+07,5.2e+07,58
"312","chr2",5.2e+07,5.4e+07,25
"313","chr2",5.4e+07,5.6e+07,31
"314","chr2",5.6e+07,5.8e+07,43
"315","chr2",5.8e+07,6e+07,46
"316","chr20",0,2e+06,70
"317","chr20",2e+06,4e+06,59
"318","chr20",4e+06,6e+06,40
"319","chr20",6e+06,8e+06,37
"320","chr20",8e+06,1e+07,34
"321","chr20",1e+07,1.2e+07,17
"322","chr20",1.2e+07,1.4e+07,32
"323","chr20",1.4e+07,1.6e+07,38
"324","chr20",1.6e+07,1.8e+07,27
"325","chr20",1.8e+07,2e+07,49
"326","chr20",2e+07,2.2e+07,32
"327","chr20",2.2e+07,2.4e+07,52
"328","chr20",2.4e+07,2.6e+07,49
"329","chr20",2.6e+07,2.8e+07,71
"330","chr20",2.8e+07,3e+07,52
"331","chr20",3e+07,3.2e+07,35
"332","chr20",3.2e+07,3.4e+07,60
"333","chr20",3.4e+07,3.6e+07,65
"334","chr20",3.6e+07,3.8e+07,41
"335","chr20",3.8e+07,4e+07,57
"336","chr20",4e+07,4.2e+07,27
"337","chr20",4.2e+07,4.4e+07,48
"338","chr20",4.4e+07,4.6e+07,28
"339","chr20",4.6e+07,4.8e+07,86
"340","chr20",4.8e+07,5e+07,40
"341","chr20",5e+07,5.2e+07,44
"342","chr20",5.2e+07,5.4e+07,48
"343","chr20",5.4e+07,5.6e+07,38
"344","chr21",0,2e+06,47
"345","chr21",2e+06,4e+06,61
"346","chr21",4e+06,6e+06,71
"347","chr21",6e+06,8e+06,44
"348","chr21",8e+06,1e+07,23
"349","chr21",1e+07,1.2e+07,49
"350","chr21",1.2e+07,1.4e+07,41
"351","chr21",1.4e+07,1.6e+07,37
"352","chr21",1.6e+07,1.8e+07,30
"353","chr21",1.8e+07,2e+07,49
"354","chr21",2e+07,2.2e+07,87
"355","chr21",2.2e+07,2.4e+07,64
"356","chr21",2.4e+07,2.6e+07,64
"357","chr21",2.6e+07,2.8e+07,60
"358","chr21",2.8e+07,3e+07,39
"359","chr21",3e+07,3.2e+07,50
"360","chr21",3.2e+07,3.4e+07,32
"361","chr21",3.4e+07,3.6e+07,27
"362","chr21",3.6e+07,3.8e+07,31
"363","chr21",3.8e+07,4e+07,46
"364","chr21",4e+07,4.2e+07,67
"365","chr21",4.2e+07,4.4e+07,57
"366","chr21",4.4e+07,4.6e+07,57
"367","chr22",0,2e+06,144
"368","chr22",2e+06,4e+06,90
"369","chr22",4e+06,6e+06,72
"370","chr22",6e+06,8e+06,92
"371","chr22",8e+06,1e+07,86
"372","chr22",1e+07,1.2e+07,86
"373","chr22",1.2e+07,1.4e+07,38
"374","chr22",1.4e+07,1.6e+07,53
"375","chr22",1.6e+07,1.8e+07,61
"376","chr22",1.8e+07,2e+07,60
"377","chr22",2e+07,2.2e+07,54
"378","chr22",2.2e+07,2.4e+07,42
"379","chr22",2.4e+07,2.6e+07,81
"380","chr22",2.6e+07,2.8e+07,48
"381","chr22",2.8e+07,3e+07,38
"382","chr22",3e+07,3.2e+07,40
"383","chr22",3.2e+07,3.4e+07,15
"384","chr22",3.4e+07,3.6e+07,39
"385","chr22",3.6e+07,3.8e+07,43
"386","chr22",3.8e+07,4e+07,45
"387","chr23",0,2e+06,51
"388","chr23",2e+06,4e+06,31
"389","chr23",4e+06,6e+06,51
"390","chr23",6e+06,8e+06,43
"391","chr23",8e+06,1e+07,26
"392","chr23",1e+07,1.2e+07,21
"393","chr23",1.2e+07,1.4e+07,35
"394","chr23",1.4e+07,1.6e+07,24
"395","chr23",1.6e+07,1.8e+07,64
"396","chr23",1.8e+07,2e+07,70
"397","chr23",2e+07,2.2e+07,62
"398","chr23",2.2e+07,2.4e+07,24
"399","chr23",2.4e+07,2.6e+07,69
"400","chr23",2.6e+07,2.8e+07,52
"401","chr23",2.8e+07,3e+07,55
"402","chr23",3e+07,3.2e+07,51
"403","chr23",3.2e+07,3.4e+07,55
"404","chr23",3.4e+07,3.6e+07,34
"405","chr23",3.6e+07,3.8e+07,73
"406","chr23",3.8e+07,4e+07,33
"407","chr23",4e+07,4.2e+07,38
"408","chr23",4.2e+07,4.4e+07,58
"409","chr23",4.4e+07,4.6e+07,74
"410","chr23",4.6e+07,4.8e+07,8
"411","chr24",0,2e+06,36
"412","chr24",2e+06,4e+06,31
"413","chr24",4e+06,6e+06,26
"414","chr24",6e+06,8e+06,39
"415","chr24",8e+06,1e+07,32
"416","chr24",1e+07,1.2e+07,39
"417","chr24",1.2e+07,1.4e+07,32
"418","chr24",1.4e+07,1.6e+07,26
"419","chr24",1.6e+07,1.8e+07,36
"420","chr24",1.8e+07,2e+07,21
"421","chr24",2e+07,2.2e+07,76
"422","chr24",2.2e+07,2.4e+07,37
"423","chr24",2.4e+07,2.6e+07,49
"424","chr24",2.6e+07,2.8e+07,53
"425","chr24",2.8e+07,3e+07,36
"426","chr24",3e+07,3.2e+07,37
"427","chr24",3.2e+07,3.4e+07,34
"428","chr24",3.4e+07,3.6e+07,24
"429","chr24",3.6e+07,3.8e+07,65
"430","chr24",3.8e+07,4e+07,76
"431","chr24",4e+07,4.2e+07,34
"432","chr24",4.2e+07,4.4e+07,10
"433","chr25",0,2e+06,54
"434","chr25",2e+06,4e+06,69
"435","chr25",4e+06,6e+06,42
"436","chr25",6e+06,8e+06,51
"437","chr25",8e+06,1e+07,31
"438","chr25",1e+07,1.2e+07,38
"439","chr25",1.2e+07,1.4e+07,58
"440","chr25",1.4e+07,1.6e+07,40
"441","chr25",1.6e+07,1.8e+07,63
"442","chr25",1.8e+07,2e+07,67
"443","chr25",2e+07,2.2e+07,48
"444","chr25",2.2e+07,2.4e+07,48
"445","chr25",2.4e+07,2.6e+07,43
"446","chr25",2.6e+07,2.8e+07,36
"447","chr25",2.8e+07,3e+07,46
"448","chr25",3e+07,3.2e+07,47
"449","chr25",3.2e+07,3.4e+07,25
"450","chr25",3.4e+07,3.6e+07,97
"451","chr25",3.6e+07,3.8e+07,86
"452","chr3",0,2e+06,86
"453","chr3",2e+06,4e+06,50
"454","chr3",4e+06,6e+06,53
"455","chr3",6e+06,8e+06,54
"456","chr3",8e+06,1e+07,52
"457","chr3",1e+07,1.2e+07,33
"458","chr3",1.2e+07,1.4e+07,48
"459","chr3",1.4e+07,1.6e+07,59
"460","chr3",1.6e+07,1.8e+07,48
"461","chr3",1.8e+07,2e+07,67
"462","chr3",2e+07,2.2e+07,37
"463","chr3",2.2e+07,2.4e+07,58
"464","chr3",2.4e+07,2.6e+07,73
"465","chr3",2.6e+07,2.8e+07,59
"466","chr3",2.8e+07,3e+07,49
"467","chr3",3e+07,3.2e+07,67
"468","chr3",3.2e+07,3.4e+07,109
"469","chr3",3.4e+07,3.6e+07,101
"470","chr3",3.6e+07,3.8e+07,62
"471","chr3",3.8e+07,4e+07,37
"472","chr3",4e+07,4.2e+07,48
"473","chr3",4.2e+07,4.4e+07,35
"474","chr3",4.4e+07,4.6e+07,23
"475","chr3",4.6e+07,4.8e+07,27
"476","chr3",4.8e+07,5e+07,34
"477","chr3",5e+07,5.2e+07,26
"478","chr3",5.2e+07,5.4e+07,43
"479","chr3",5.4e+07,5.6e+07,43
"480","chr3",5.6e+07,5.8e+07,38
"481","chr3",5.8e+07,6e+07,55
"482","chr3",6e+07,6.2e+07,49
"483","chr3",6.2e+07,6.4e+07,23
"484","chr4",0,2e+06,84
"485","chr4",2e+06,4e+06,37
"486","chr4",4e+06,6e+06,83
"487","chr4",6e+06,8e+06,37
"488","chr4",8e+06,1e+07,66
"489","chr4",1e+07,1.2e+07,64
"490","chr4",1.2e+07,1.4e+07,66
"491","chr4",1.4e+07,1.6e+07,62
"492","chr4",1.6e+07,1.8e+07,70
"493","chr4",1.8e+07,2e+07,44
"494","chr4",2e+07,2.2e+07,46
"495","chr4",2.2e+07,2.4e+07,28
"496","chr4",2.4e+07,2.6e+07,25
"497","chr4",2.6e+07,2.8e+07,24
"498","chr4",2.8e+07,3e+07,92
"499","chr4",3e+07,3.2e+07,70
"500","chr4",3.2e+07,3.4e+07,68
"501","chr4",3.4e+07,3.6e+07,35
"502","chr4",3.6e+07,3.8e+07,32
"503","chr4",3.8e+07,4e+07,52
"504","chr4",4e+07,4.2e+07,80
"505","chr4",4.2e+07,4.4e+07,77
"506","chr4",4.4e+07,4.6e+07,64
"507","chr4",4.6e+07,4.8e+07,51
"508","chr4",4.8e+07,5e+07,55
"509","chr4",5e+07,5.2e+07,68
"510","chr4",5.2e+07,5.4e+07,68
"511","chr4",5.4e+07,5.6e+07,77
"512","chr4",5.6e+07,5.8e+07,76
"513","chr4",5.8e+07,6e+07,58
"514","chr4",6e+07,6.2e+07,94
"515","chr4",6.2e+07,6.4e+07,40
"516","chr4",6.4e+07,6.6e+07,77
"517","chr4",6.6e+07,6.8e+07,32
"518","chr4",6.8e+07,7e+07,77
"519","chr4",7e+07,7.2e+07,82
"520","chr4",7.2e+07,7.4e+07,67
"521","chr4",7.4e+07,7.6e+07,40
"522","chr4",7.6e+07,7.8e+07,108
"523","chr4",7.8e+07,8e+07,4
"524","chr5",0,2e+06,51
"525","chr5",2e+06,4e+06,33
"526","chr5",4e+06,6e+06,34
"527","chr5",6e+06,8e+06,29
"528","chr5",8e+06,1e+07,53
"529","chr5",1e+07,1.2e+07,32
"530","chr5",1.2e+07,1.4e+07,54
"531","chr5",1.4e+07,1.6e+07,27
"532","chr5",1.6e+07,1.8e+07,17
"533","chr5",1.8e+07,2e+07,33
"534","chr5",2e+07,2.2e+07,50
"535","chr5",2.2e+07,2.4e+07,86
"536","chr5",2.4e+07,2.6e+07,68
"537","chr5",2.6e+07,2.8e+07,52
"538","chr5",2.8e+07,3e+07,58
"539","chr5",3e+07,3.2e+07,63
"540","chr5",3.2e+07,3.4e+07,72
"541","chr5",3.4e+07,3.6e+07,34
"542","chr5",3.6e+07,3.8e+07,65
"543","chr5",3.8e+07,4e+07,68
"544","chr5",4e+07,4.2e+07,45
"545","chr5",4.2e+07,4.4e+07,81
"546","chr5",4.4e+07,4.6e+07,25
"547","chr5",4.6e+07,4.8e+07,22
"548","chr5",4.8e+07,5e+07,16
"549","chr5",5e+07,5.2e+07,36
"550","chr5",5.2e+07,5.4e+07,34
"551","chr5",5.4e+07,5.6e+07,50
"552","chr5",5.6e+07,5.8e+07,50
"553","chr5",5.8e+07,6e+07,32
"554","chr5",6e+07,6.2e+07,46
"555","chr5",6.2e+07,6.4e+07,44
"556","chr5",6.4e+07,6.6e+07,48
"557","chr5",6.6e+07,6.8e+07,50
"558","chr5",6.8e+07,7e+07,66
"559","chr5",7e+07,7.2e+07,12
"560","chr5",7.2e+07,7.4e+07,18
"561","chr6",0,2e+06,54
"562","chr6",2e+06,4e+06,39
"563","chr6",4e+06,6e+06,15
"564","chr6",6e+06,8e+06,58
"565","chr6",8e+06,1e+07,65
"566","chr6",1e+07,1.2e+07,56
"567","chr6",1.2e+07,1.4e+07,51
"568","chr6",1.4e+07,1.6e+07,26
"569","chr6",1.6e+07,1.8e+07,62
"570","chr6",1.8e+07,2e+07,49
"571","chr6",2e+07,2.2e+07,41
"572","chr6",2.2e+07,2.4e+07,29
"573","chr6",2.4e+07,2.6e+07,28
"574","chr6",2.6e+07,2.8e+07,30
"575","chr6",2.8e+07,3e+07,45
"576","chr6",3e+07,3.2e+07,29
"577","chr6",3.2e+07,3.4e+07,39
"578","chr6",3.4e+07,3.6e+07,28
"579","chr6",3.6e+07,3.8e+07,45
"580","chr6",3.8e+07,4e+07,60
"581","chr6",4e+07,4.2e+07,93
"582","chr6",4.2e+07,4.4e+07,46
"583","chr6",4.4e+07,4.6e+07,21
"584","chr6",4.6e+07,4.8e+07,38
"585","chr6",4.8e+07,5e+07,51
"586","chr6",5e+07,5.2e+07,24
"587","chr6",5.2e+07,5.4e+07,54
"588","chr6",5.4e+07,5.6e+07,52
"589","chr6",5.6e+07,5.8e+07,20
"590","chr6",5.8e+07,6e+07,36
"591","chr6",6e+07,6.2e+07,10
"592","chr7",0,2e+06,44
"593","chr7",2e+06,4e+06,64
"594","chr7",4e+06,6e+06,105
"595","chr7",6e+06,8e+06,85
"596","chr7",8e+06,1e+07,39
"597","chr7",1e+07,1.2e+07,23
"598","chr7",1.2e+07,1.4e+07,34
"599","chr7",1.4e+07,1.6e+07,27
"600","chr7",1.6e+07,1.8e+07,70
"601","chr7",1.8e+07,2e+07,63
"602","chr7",2e+07,2.2e+07,58
"603","chr7",2.2e+07,2.4e+07,50
"604","chr7",2.4e+07,2.6e+07,87
"605","chr7",2.6e+07,2.8e+07,64
"606","chr7",2.8e+07,3e+07,76
"607","chr7",3e+07,3.2e+07,52
"608","chr7",3.2e+07,3.4e+07,46
"609","chr7",3.4e+07,3.6e+07,50
"610","chr7",3.6e+07,3.8e+07,24
"611","chr7",3.8e+07,4e+07,80
"612","chr7",4e+07,4.2e+07,57
"613","chr7",4.2e+07,4.4e+07,21
"614","chr7",4.4e+07,4.6e+07,36
"615","chr7",4.6e+07,4.8e+07,21
"616","chr7",4.8e+07,5e+07,39
"617","chr7",5e+07,5.2e+07,52
"618","chr7",5.2e+07,5.4e+07,39
"619","chr7",5.4e+07,5.6e+07,31
"620","chr7",5.6e+07,5.8e+07,33
"621","chr7",5.8e+07,6e+07,40
"622","chr7",6e+07,6.2e+07,27
"623","chr7",6.2e+07,6.4e+07,11
"624","chr7",6.4e+07,6.6e+07,25
"625","chr7",6.6e+07,6.8e+07,39
"626","chr7",6.8e+07,7e+07,36
"627","chr7",7e+07,7.2e+07,26
"628","chr7",7.2e+07,7.4e+07,59
"629","chr7",7.4e+07,7.6e+07,5
"630","chr8",0,2e+06,59
"631","chr8",2e+06,4e+06,45
"632","chr8",4e+06,6e+06,29
"633","chr8",6e+06,8e+06,45
"634","chr8",8e+06,1e+07,30
"635","chr8",1e+07,1.2e+07,37
"636","chr8",1.2e+07,1.4e+07,48
"637","chr8",1.4e+07,1.6e+07,39
"638","chr8",1.6e+07,1.8e+07,58
"639","chr8",1.8e+07,2e+07,55
"640","chr8",2e+07,2.2e+07,62
"641","chr8",2.2e+07,2.4e+07,81
"642","chr8",2.4e+07,2.6e+07,67
"643","chr8",2.6e+07,2.8e+07,49
"644","chr8",2.8e+07,3e+07,46
"645","chr8",3e+07,3.2e+07,52
"646","chr8",3.2e+07,3.4e+07,32
"647","chr8",3.4e+07,3.6e+07,34
"648","chr8",3.6e+07,3.8e+07,48
"649","chr8",3.8e+07,4e+07,39
"650","chr8",4e+07,4.2e+07,36
"651","chr8",4.2e+07,4.4e+07,24
"652","chr8",4.4e+07,4.6e+07,49
"653","chr8",4.6e+07,4.8e+07,49
"654","chr8",4.8e+07,5e+07,51
"655","chr8",5e+07,5.2e+07,40
"656","chr8",5.2e+07,5.4e+07,60
"657","chr8",5.4e+07,5.6e+07,14
"658","chr9",0,2e+06,88
"659","chr9",2e+06,4e+06,41
"660","chr9",4e+06,6e+06,19
"661","chr9",6e+06,8e+06,43
"662","chr9",8e+06,1e+07,40
"663","chr9",1e+07,1.2e+07,30
"664","chr9",1.2e+07,1.4e+07,31
"665","chr9",1.4e+07,1.6e+07,24
"666","chr9",1.6e+07,1.8e+07,19
"667","chr9",1.8e+07,2e+07,44
"668","chr9",2e+07,2.2e+07,53
"669","chr9",2.2e+07,2.4e+07,84
"670","chr9",2.4e+07,2.6e+07,41
"671","chr9",2.6e+07,2.8e+07,38
"672","chr9",2.8e+07,3e+07,46
"673","chr9",3e+07,3.2e+07,55
"674","chr9",3.2e+07,3.4e+07,77
"675","chr9",3.4e+07,3.6e+07,52
"676","chr9",3.6e+07,3.8e+07,24
"677","chr9",3.8e+07,4e+07,38
"678","chr9",4e+07,4.2e+07,48
"679","chr9",4.2e+07,4.4e+07,20
"680","chr9",4.4e+07,4.6e+07,36
"681","chr9",4.6e+07,4.8e+07,13
"682","chr9",4.8e+07,5e+07,36
"683","chr9",5e+07,5.2e+07,18
"684","chr9",5.2e+07,5.4e+07,35
"685","chr9",5.4e+07,5.6e+07,37
"686","chr9",5.6e+07,5.8e+07,11
